类别：所有类别	
color palette: (2024/1/13 - 2025/1/13, 美国)	
	
TOP	
color generator palette	100
palette generator	99
color generator	98
colors	77
autumn color palette	72
winter palette	71
winter color palette	71
summer color palette	67
the color palette	60
green color palette	58
blue color palette	57
spring color palette	47
soft color palette	42
dark color palette	41
light color palette	36
cool color palette	33
hex color palette	31
hex color	31
pink color palette	29
warm color palette	29
color analysis palette	27
red color palette	26
color analysis	26
skin color palette	26
my color palette	25
	
RISING	
color palette generator from name	550%
color palette builder	120%
light spring celebrities	90%
soft summer celebrities	80%
autumn color analysis	80%
color analysis near me	70%
summer color analysis	60%
ai color palette generator	60%
cool summer	60%
dark autumn	60%
dark autumn color palette	60%
true autumn	60%
ai color palette	60%
soft summer	60%
deep autumn color palette	60%
true autumn color palette	60%
autumn color palette	60%
soft autumn color palette	50%
deep autumn	50%
true summer color palette	50%
true winter color palette	50%
true winter	50%
winter color analysis	50%
soft spring color palette	50%
color analysis palette	50%

类别：所有类别	
color palette: (2024/1/13 - 2025/1/13, 美国)	
	
TOP	
color generator palette	100
palette generator	99
color generator	98
colors	77
autumn color palette	72
winter palette	71
winter color palette	71
summer color palette	67
the color palette	60
green color palette	58
blue color palette	57
spring color palette	47
soft color palette	42
dark color palette	41
light color palette	36
cool color palette	33
hex color palette	31
hex color	31
pink color palette	29
warm color palette	29
color analysis palette	27
red color palette	26
color analysis	26
skin color palette	26
my color palette	25
	
RISING	
color palette generator from name	550%
color palette builder	120%
light spring celebrities	90%
soft summer celebrities	80%
autumn color analysis	80%
color analysis near me	70%
summer color analysis	60%
ai color palette generator	60%
cool summer	60%
dark autumn	60%
dark autumn color palette	60%
true autumn	60%
ai color palette	60%
soft summer	60%
deep autumn color palette	60%
true autumn color palette	60%
autumn color palette	60%
soft autumn color palette	50%
deep autumn	50%
true summer color palette	50%
true winter color palette	50%
true winter	50%
winter color analysis	50%
soft spring color palette	50%
color analysis palette	50%
